,Country,Regional indicator,Score 2017,GDP per capita 2017,Social support 2017,Healthy life expectancy 2017,Freedom to make life choices 2017,Generosity 2017,Perceptions of corruption 2017,Score 2018,GDP per capita 2018,Social support 2018,Healthy life expectancy 2018,Freedom to make life choices 2018,Generosity 2018,Perceptions of corruption 2018,Score 2019,GDP per capita 2019,Social support 2019,Healthy life expectancy 2019,Freedom to make life choices 2019,Generosity 2019,Perceptions of corruption 2019
0,Finland,Western Europe,7.632000000000001,1.305,1.5919999999999999,0.8740000000000001,0.6809999999999999,0.20199999999999999,0.39299999999999996,7.769,1.34,1.587,0.986,0.596,0.153,0.39299999999999996,7.808700085,1.285189509,1.499525905,0.961271405,0.66231674,0.159670442,0.477857262
1,Norway,Western Europe,7.593999999999999,1.456,1.5819999999999999,0.861,0.6859999999999999,0.28600000000000003,0.34,7.553999999999999,1.4880000000000002,1.5819999999999999,1.028,0.603,0.271,0.341,7.487999916000001,1.42420733,1.4951725009999999,1.0080718990000002,0.670200884,0.287985086,0.43410056799999996
2,Denmark,Western Europe,7.555,1.351,1.59,0.868,0.6829999999999999,0.284,0.408,7.6,1.383,1.5730000000000002,0.996,0.5920000000000001,0.252,0.41,7.645599842,1.326948524,1.5034492019999999,0.979332566,0.665039897,0.24279339600000002,0.49526032799999997
3,Iceland,Western Europe,7.495,1.3430000000000002,1.6440000000000001,0.914,0.677,0.353,0.138,7.494,1.38,1.624,1.026,0.591,0.354,0.11800000000000001,7.504499912000001,1.326501608,1.5475674869999998,1.000843406,0.661980748,0.362330228,0.14454077199999998
4,Switzerland,Western Europe,7.487,1.42,1.5490000000000002,0.927,0.66,0.256,0.35700000000000004,7.48,1.452,1.526,1.052,0.5720000000000001,0.263,0.34299999999999997,7.559899807000001,1.39077425,1.4724034069999998,1.040533185,0.62895447,0.269055754,0.407945901
5,Netherlands,Western Europe,7.441,1.361,1.4880000000000002,0.878,0.638,0.33299999999999996,0.295,7.4879999999999995,1.396,1.5219999999999998,0.9990000000000001,0.557,0.322,0.298,7.448900223,1.338946342,1.463645935,0.9756753440000001,0.61362648,0.336317569,0.368569762
6,Canada,North America and ANZ,7.327999999999999,1.33,1.5319999999999998,0.8959999999999999,0.653,0.321,0.29100000000000004,7.278,1.365,1.505,1.0390000000000001,0.584,0.285,0.308,7.23210001,1.301647663,1.4353919030000002,1.022501945,0.644028127,0.28152892,0.35170185600000003
7,New Zealand,North America and ANZ,7.324,1.268,1.601,0.8759999999999999,0.669,0.365,0.389,7.307,1.3030000000000002,1.557,1.026,0.585,0.33,0.38,7.2996001239999995,1.242317915,1.48721838,1.008138299,0.646789908,0.325726211,0.46126827600000003
8,Sweden,Western Europe,7.314,1.355,1.501,0.9129999999999999,0.659,0.285,0.38299999999999995,7.343,1.3869999999999998,1.4869999999999999,1.0090000000000001,0.574,0.267,0.373,7.353499889,1.322235227,1.4333477019999998,0.9864704609999999,0.6502977010000001,0.272827893,0.442066371
9,Australia,North America and ANZ,7.272,1.34,1.5730000000000002,0.91,0.647,0.361,0.302,7.228,1.3719999999999999,1.548,1.036,0.557,0.332,0.29,7.222799778,1.310396433,1.477146268,1.022607684,0.621877193,0.324973613,0.335996419
10,United Kingdom,Western Europe,7.19,1.244,1.433,0.888,0.46399999999999997,0.262,0.08199999999999999,7.053999999999999,1.3330000000000002,1.538,0.996,0.45,0.348,0.278,7.164500237,1.273061037,1.457844973,0.97570008,0.525168657,0.37343344100000003,0.322601646
11,Austria,Western Europe,7.138999999999999,1.341,1.504,0.8909999999999999,0.617,0.242,0.22399999999999998,7.246,1.376,1.475,1.016,0.532,0.244,0.226,7.294199944,1.317285538,1.437444925,1.000933528,0.6033688779999999,0.255509764,0.28125613899999996
12,Costa Rica,Latin America and Caribbean,7.072,1.01,1.459,0.8170000000000001,0.632,0.14300000000000002,0.10099999999999999,7.167000000000001,1.034,1.4409999999999998,0.963,0.5579999999999999,0.14400000000000002,0.09300000000000001,7.121399879,0.981107712,1.374853611,0.9396353359999999,0.6450177429999999,0.131266311,0.096362092
13,Ireland,Western Europe,6.977,1.4480000000000002,1.5830000000000002,0.8759999999999999,0.614,0.307,0.306,7.021,1.499,1.5530000000000002,0.9990000000000001,0.516,0.298,0.31,7.093699932000001,1.446886778,1.470596433,0.975670695,0.587779939,0.295426995,0.37343326200000004
14,Germany,Western Europe,6.965,1.34,1.474,0.861,0.586,0.273,0.28,6.985,1.3730000000000002,1.454,0.987,0.495,0.261,0.265,7.075799942000001,1.314184546,1.3685437440000001,0.9721148009999999,0.564274132,0.252037704,0.309362292
15,Belgium,Western Europe,6.9270000000000005,1.324,1.483,0.894,0.583,0.188,0.24,6.922999999999999,1.3559999999999999,1.504,0.986,0.473,0.16,0.21,6.863500117999999,1.2958427670000001,1.3986775880000002,0.964901149,0.499805421,0.146966159,0.208724052
16,Luxembourg,Western Europe,6.91,1.5759999999999998,1.52,0.8959999999999999,0.632,0.196,0.321,7.09,1.609,1.479,1.012,0.526,0.19399999999999998,0.316,7.2375001910000005,1.536676049,1.3875284190000001,0.986442685,0.610137045,0.19595392,0.367041469
17,United States,North America and ANZ,6.886,1.3980000000000001,1.4709999999999999,0.8190000000000001,0.547,0.29100000000000004,0.133,6.892,1.433,1.4569999999999999,0.8740000000000001,0.45399999999999996,0.28,0.128,6.939599991000001,1.37398684,1.4047867059999999,0.831618011,0.534608245,0.298143059,0.152284741
18,Israel,Middle East and North Africa,6.814,1.301,1.5590000000000002,0.883,0.5329999999999999,0.354,0.272,7.138999999999999,1.276,1.455,1.0290000000000001,0.371,0.261,0.08199999999999999,7.128600121,1.216463685,1.4032567740000002,1.008052945,0.42069947700000004,0.26686179600000004,0.09989845
19,United Arab Emirates,Middle East and North Africa,6.774,2.096,0.7759999999999999,0.67,0.284,0.18600000000000003,,6.825,1.5030000000000001,1.31,0.825,0.598,0.262,0.182,6.790800095,1.4310864209999998,1.251170993,0.787814438,0.652936101,0.28065598,0.220213518
20,Czech Republic,Central and Eastern Europe,6.711,1.2329999999999999,1.489,0.8540000000000001,0.5429999999999999,0.064,0.034,6.852,1.2690000000000001,1.4869999999999999,0.92,0.457,0.046,0.036000000000000004,6.9109001160000005,1.212322354,1.40528667,0.89456445,0.505744576,0.046325929,0.049803223
21,Malta,Western Europe,6.627000000000001,1.27,1.525,0.884,0.645,0.376,0.142,6.726,1.3,1.52,0.9990000000000001,0.564,0.375,0.151,6.772799968999999,1.2525132890000001,1.442956924,0.9720420240000001,0.633239031,0.341180831,0.17886407699999998
22,France,Western Europe,6.489,1.2930000000000001,1.466,0.9079999999999999,0.52,0.098,0.17600000000000002,6.5920000000000005,1.324,1.472,1.045,0.436,0.111,0.183,6.663799762999999,1.268129349,1.458839178,1.029714227,0.5140509010000001,0.112607703,0.227303237
23,Mexico,Latin America and Caribbean,6.4879999999999995,1.038,1.252,0.7609999999999999,0.479,0.069,0.095,6.595,1.07,1.3230000000000002,0.861,0.433,0.07400000000000001,0.073,6.465000152999999,1.024387479,1.226333499,0.831601024,0.553892553,0.083094485,0.083133668
24,Chile,Latin America and Caribbean,6.476,1.131,1.331,0.8079999999999999,0.431,0.19699999999999998,0.061,6.444,1.159,1.369,0.92,0.35700000000000004,0.187,0.055999999999999994,6.228499889,1.096992493,1.323286891,0.889260828,0.41748222700000004,0.155579001,0.06284935
25,Panama,Latin America and Caribbean,6.43,1.112,1.4380000000000002,0.759,0.597,0.125,0.063,6.321000000000001,1.149,1.442,0.91,0.516,0.109,0.054000000000000006,6.304800033999999,1.097667813,1.3761492969999998,0.878546536,0.57984978,0.097207308,0.054230525999999994
26,Brazil,Latin America and Caribbean,6.419,0.986,1.474,0.675,0.493,0.11,0.08800000000000001,6.3,1.004,1.439,0.802,0.39,0.099,0.086,6.375599861,0.952679873,1.363464117,0.766119063,0.483292729,0.131674588,0.106518604
27,Argentina,Latin America and Caribbean,6.388,1.073,1.4680000000000002,0.7440000000000001,0.57,0.062,0.054000000000000006,6.086,1.092,1.432,0.8809999999999999,0.47100000000000003,0.066,0.05,5.974699974,1.028465629,1.3725436930000001,0.849773705,0.520840347,0.070100471,0.06041505900000001
28,Guatemala,Latin America and Caribbean,6.382000000000001,0.7809999999999999,1.268,0.608,0.604,0.179,0.071,6.436,0.8,1.2690000000000001,0.746,0.535,0.175,0.078,6.398900032,0.7538157109999999,1.174267054,0.705952585,0.613146722,0.170611665,0.09836030000000001
29,Uruguay,Latin America and Caribbean,6.379,1.093,1.459,0.7709999999999999,0.625,0.13,0.155,6.292999999999999,1.124,1.465,0.8909999999999999,0.523,0.127,0.15,6.440100192999999,1.071000457,1.425081134,0.856928885,0.59426707,0.132143691,0.19342507399999997
30,Saudi Arabia,Middle East and North Africa,6.371,1.379,1.331,0.633,0.509,0.098,0.127,6.375,1.403,1.357,0.795,0.439,0.08,0.132,6.406499863,1.334328532,1.309950113,0.759818137,0.548477471,0.087440684,0.163322315
31,Singapore,Southeast Asia,6.343,1.5290000000000001,1.4509999999999998,1.008,0.631,0.261,0.457,6.2620000000000005,1.5719999999999998,1.463,1.141,0.556,0.271,0.45299999999999996,6.377099991000001,1.519580126,1.39545691,1.137814283,0.635317206,0.21877090600000001,0.533162236
32,Malaysia,Southeast Asia,6.322,1.161,1.258,0.669,0.35600000000000004,0.311,0.059000000000000004,5.3389999999999995,1.2209999999999999,1.171,0.828,0.508,0.26,0.024,5.384300232,1.168421626,1.17400229,0.7885118720000001,0.596941531,0.274886161,0.062163132999999995
33,Spain,Western Europe,6.31,1.251,1.538,0.965,0.449,0.142,0.07400000000000001,6.354,1.286,1.484,1.062,0.36200000000000004,0.153,0.079,6.4008998870000005,1.230535269,1.421099186,1.051343083,0.425983816,0.16530548,0.109579779
34,Colombia,Latin America and Caribbean,6.26,0.96,1.439,0.635,0.531,0.099,0.039,6.125,0.985,1.41,0.841,0.47,0.099,0.034,6.163400172999999,0.93220371,1.33445096,0.8100201490000001,0.526890039,0.092374094,0.04584837
35,Slovakia,Central and Eastern Europe,6.172999999999999,1.21,1.537,0.7759999999999999,0.354,0.11800000000000001,0.013999999999999999,6.1979999999999995,1.246,1.504,0.8809999999999999,0.33399999999999996,0.121,0.013999999999999999,6.280600071,1.194837689,1.424331188,0.853465259,0.423542529,0.11672977400000001,0.011291441000000001
36,El Salvador,Latin America and Caribbean,6.167000000000001,0.8059999999999999,1.2309999999999999,0.639,0.461,0.065,0.08199999999999999,6.252999999999999,0.794,1.242,0.789,0.43,0.09300000000000001,0.07400000000000001,6.34829998,0.748940408,1.149397612,0.752730012,0.5240439179999999,0.11893630000000001,0.11703035199999999
37,Nicaragua,Latin America and Caribbean,6.141,0.6679999999999999,1.319,0.7,0.527,0.20800000000000002,0.128,6.105,0.6940000000000001,1.325,0.835,0.435,0.2,0.127,6.13710022,0.620033145,1.27081275,0.803093255,0.560117304,0.212871477,0.174084574
38,Poland,Central and Eastern Europe,6.122999999999999,1.176,1.4480000000000002,0.7809999999999999,0.546,0.10800000000000001,0.064,6.182,1.206,1.4380000000000002,0.884,0.483,0.11699999999999999,0.05,6.1862998010000005,1.16922915,1.310399771,0.868038476,0.557903528,0.06337424400000001,0.160541251
39,Bahrain,Middle East and North Africa,6.105,1.338,1.3659999999999999,0.698,0.594,0.243,0.12300000000000001,6.199,1.3619999999999999,1.368,0.871,0.536,0.255,0.11,6.227300167,1.296692252,1.31532371,0.838836372,0.610399902,0.287453711,0.12669725699999998
40,Uzbekistan,Commonwealth of Independent States,6.096,0.7190000000000001,1.584,0.605,0.7240000000000001,0.32799999999999996,0.259,6.1739999999999995,0.745,1.5290000000000001,0.7559999999999999,0.631,0.322,0.24,6.257599831,0.6966529490000001,1.4340200419999998,0.716703713,0.6932703259999999,0.36331102299999996,0.280260265
41,Kuwait,Middle East and North Africa,6.082999999999999,1.474,1.301,0.675,0.5539999999999999,0.16699999999999998,0.106,6.021,1.5,1.319,0.8079999999999999,0.493,0.142,0.09699999999999999,6.102099895,1.424833655,1.244779825,0.776468933,0.5702614189999999,0.132751092,0.112814933
42,Thailand,Southeast Asia,6.072,1.016,1.4169999999999998,0.7070000000000001,0.637,0.364,0.028999999999999998,6.007999999999999,1.05,1.409,0.828,0.557,0.359,0.027999999999999997,5.9987998010000005,1.007029295,1.3475195169999998,0.7938558459999999,0.609449804,0.376709014,0.031837862
43,Italy,Western Europe,6.0,1.264,1.501,0.946,0.281,0.13699999999999998,0.027999999999999997,6.223,1.294,1.4880000000000002,1.0390000000000001,0.231,0.158,0.03,6.38740015,1.236396074,1.3472959999999998,1.0225049259999999,0.321305573,0.17026621100000003,0.040145598
44,Ecuador,Latin America and Caribbean,5.973,0.889,1.33,0.736,0.556,0.114,0.12,6.028,0.912,1.3119999999999998,0.868,0.498,0.126,0.087,5.925199986,0.853383601,1.221027613,0.838837743,0.555234551,0.115006477,0.086753383
45,Lithuania,Central and Eastern Europe,5.952000000000001,1.197,1.527,0.716,0.35,0.026000000000000002,0.006,6.149,1.238,1.515,0.818,0.29100000000000004,0.043,0.042,6.215499877999999,1.193559647,1.4328657390000001,0.795421183,0.42046079,0.053691040999999995,0.081350274
46,Slovenia,Central and Eastern Europe,5.9479999999999995,1.219,1.506,0.856,0.633,0.16,0.051,6.117999999999999,1.258,1.5230000000000001,0.953,0.564,0.14400000000000002,0.057,6.363399982000001,1.208652496,1.464677691,0.932548046,0.646700144,0.145701498,0.076516323
47,Romania,Central and Eastern Europe,5.945,1.1159999999999999,1.219,0.726,0.528,0.08800000000000001,0.001,6.07,1.162,1.232,0.825,0.462,0.083,0.005,6.123700142000001,1.1204016209999998,1.1944381000000002,0.79229486,0.534852326,0.068181619,0.0008295689999999999
48,Latvia,Central and Eastern Europe,5.933,1.148,1.454,0.6709999999999999,0.363,0.092,0.066,5.94,1.187,1.465,0.812,0.264,0.075,0.064,5.9499998089999995,1.14139545,1.414398789,0.7779024240000001,0.329198807,0.075407945,0.090391524
49,Japan,East Asia,5.915,1.294,1.462,0.988,0.5529999999999999,0.079,0.15,5.886,1.327,1.419,1.088,0.445,0.069,0.14,5.870800018,1.26672411,1.332338691,1.072881341,0.495465875,0.03571178,0.18143963800000001
50,Mauritius,Sub-Saharan Africa,5.891,1.09,1.3869999999999998,0.684,0.584,0.245,0.05,5.888,1.12,1.402,0.7979999999999999,0.498,0.215,0.06,6.101299762999999,1.07366395,1.3956668380000001,0.7633894090000001,0.590838134,0.18689455100000002,0.084088229
51,Jamaica,Latin America and Caribbean,5.89,0.8190000000000001,1.493,0.693,0.575,0.096,0.031,5.89,0.831,1.4780000000000002,0.831,0.49,0.107,0.027999999999999997,5.889800072000001,0.779058397,1.408289194,0.7884340879999999,0.553124607,0.116268493,0.030147785
52,South Korea,East Asia,5.875,1.266,1.204,0.955,0.244,0.175,0.051,5.895,1.301,1.219,1.036,0.159,0.175,0.055999999999999994,5.872399807000001,1.245300651,1.133560538,1.0225425959999999,0.25935635,0.17030386600000003,0.09459628199999999
53,Russia,Commonwealth of Independent States,5.81,1.151,1.479,0.599,0.39899999999999997,0.065,0.025,5.648,1.183,1.452,0.726,0.33399999999999996,0.08199999999999999,0.031,5.546000004,1.126999617,1.3786441090000001,0.68044591,0.399499595,0.099041916,0.045699362
54,Kazakhstan,Commonwealth of Independent States,5.79,1.143,1.516,0.631,0.45399999999999996,0.14800000000000002,0.121,5.809,1.173,1.508,0.7290000000000001,0.41,0.146,0.096,6.0578999520000005,1.122594237,1.453267694,0.6987889409999999,0.497432142,0.15371379300000002,0.11046368599999999
55,Cyprus,Western Europe,5.7620000000000005,1.229,1.1909999999999998,0.909,0.423,0.20199999999999999,0.035,6.046,1.263,1.2229999999999999,1.042,0.406,0.19,0.040999999999999995,6.15899992,1.21279943,1.149170756,1.0261245970000001,0.45938587200000003,0.227932334,0.051207144
56,Bolivia,Latin America and Caribbean,5.752000000000001,0.7509999999999999,1.2229999999999999,0.508,0.606,0.141,0.054000000000000006,5.779,0.7759999999999999,1.209,0.706,0.511,0.13699999999999998,0.064,5.747499942999999,0.7309763429999999,1.142350554,0.6624456639999999,0.5744645,0.13837507400000001,0.072942637
57,Estonia,Central and Eastern Europe,5.739,1.2,1.5319999999999998,0.737,0.5529999999999999,0.086,0.174,5.893,1.237,1.528,0.8740000000000001,0.495,0.10300000000000001,0.161,6.0218000410000005,1.192441225,1.453232527,0.842615008,0.576664805,0.12513674800000002,0.201766819
58,Paraguay,Latin America and Caribbean,5.681,0.835,1.5219999999999998,0.615,0.541,0.162,0.07400000000000001,5.742999999999999,0.855,1.475,0.777,0.514,0.184,0.08,5.6921000479999995,0.897990823,1.36819756,0.7358696459999999,0.586510062,0.20429924100000002,0.065077379
59,Peru,Latin America and Caribbean,5.662999999999999,0.934,1.249,0.674,0.53,0.092,0.034,5.697,0.96,1.274,0.8540000000000001,0.455,0.083,0.027000000000000003,5.796800137000001,0.91854918,1.208405972,0.824444175,0.513210058,0.091611817,0.02703266
60,Kosovo,Central and Eastern Europe,5.662000000000001,0.855,1.23,0.578,0.44799999999999995,0.27399999999999997,0.023,6.1,0.882,1.232,0.758,0.489,0.262,0.006,6.325200081,0.8404813409999999,1.183962822,0.672709167,0.557280421,0.325286865,0.008559024
61,Moldova,Commonwealth of Independent States,5.64,0.657,1.301,0.62,0.23199999999999998,0.171,0.0,5.529,0.685,1.328,0.7390000000000001,0.245,0.18100000000000002,0.0,5.607500076,0.7079167959999999,1.237312198,0.713299453,0.38957148799999997,0.174049184,0.014378743999999999
62,Turkmenistan,Commonwealth of Independent States,5.636,1.016,1.5330000000000001,0.517,0.41700000000000004,0.19899999999999998,0.037000000000000005,5.247000000000001,1.052,1.538,0.657,0.39399999999999996,0.244,0.027999999999999997,5.119100093999999,1.008963585,1.510476947,0.6124480370000001,0.515236676,0.323129326,0.03350389
63,Hungary,Central and Eastern Europe,5.62,1.171,1.401,0.732,0.259,0.061,0.022000000000000002,5.757999999999999,1.2009999999999998,1.41,0.828,0.19899999999999998,0.081,0.02,6.000400066,1.1643071170000001,1.4230093959999999,0.806793869,0.386401802,0.070491239,0.027548173
64,Libya,Middle East and North Africa,5.566,0.985,1.35,0.5529999999999999,0.496,0.11599999999999999,0.14800000000000002,5.525,1.044,1.3030000000000002,0.6729999999999999,0.41600000000000004,0.133,0.152,5.488800049,1.021913767,1.196283698,0.615626633,0.45135405700000003,0.14275769900000002,0.17225807899999998
65,Philippines,Southeast Asia,5.524,0.775,1.3119999999999998,0.513,0.643,0.12,0.105,5.631,0.807,1.2930000000000001,0.657,0.5579999999999999,0.11699999999999999,0.107,6.006000042,0.7751206759999999,1.245381713,0.602189481,0.6219151620000001,0.12926021199999999,0.13038572699999998
66,Honduras,Latin America and Caribbean,5.504,0.62,1.205,0.622,0.45899999999999996,0.19699999999999998,0.07400000000000001,5.86,0.642,1.236,0.828,0.507,0.24600000000000002,0.078,5.953199862999999,0.598763585,1.186664104,0.791989982,0.568148077,0.256528199,0.086807102
67,Belarus,Commonwealth of Independent States,5.483,1.0390000000000001,1.4980000000000002,0.7,0.307,0.10099999999999999,0.154,5.3229999999999995,1.067,1.465,0.789,0.235,0.094,0.142,5.539899826,1.0188544990000001,1.38713932,0.75258857,0.29075586800000003,0.08993306,0.193607435
68,Turkey,Middle East and North Africa,5.483,1.148,1.38,0.6859999999999999,0.324,0.106,0.109,5.372999999999999,1.183,1.36,0.8079999999999999,0.195,0.083,0.106,5.131800175,1.127169251,1.197159171,0.781335294,0.25440076,0.08588556900000001,0.120983243
69,Pakistan,South Asia,5.472,0.652,0.81,0.424,0.33399999999999996,0.21600000000000003,0.113,5.653,0.677,0.8859999999999999,0.535,0.313,0.22,0.098,5.69329977,0.616799474,0.872979581,0.46993324200000003,0.405421734,0.22870506300000001,0.122592121
70,Portugal,Western Europe,5.41,1.188,1.429,0.884,0.562,0.055,0.017,5.693,1.2209999999999999,1.431,0.9990000000000001,0.508,0.047,0.025,5.9109001160000005,1.168800831,1.3395303490000001,0.979315281,0.5898951889999999,0.053036947,0.027733466000000002
71,Serbia,Central and Eastern Europe,5.398,0.975,1.369,0.685,0.28800000000000003,0.134,0.043,5.603,1.004,1.383,0.8540000000000001,0.282,0.13699999999999998,0.039,5.77820015,0.9881818290000001,1.327448964,0.828403294,0.395428419,0.15028289,0.059447147
72,Greece,Western Europe,5.358,1.1540000000000001,1.202,0.879,0.131,0.0,0.044000000000000004,5.287000000000001,1.181,1.156,0.9990000000000001,0.067,0.0,0.034,5.514999866,1.128070116,1.168973565,0.979431748,0.17351634800000001,0.0,0.048844352
73,Lebanon,Middle East and North Africa,5.358,0.965,1.179,0.785,0.503,0.214,0.136,5.197,0.987,1.224,0.815,0.21600000000000003,0.166,0.027000000000000003,4.771500111,0.889232516,1.19249332,0.7886711359999999,0.18551667,0.158524141,0.021518147
74,Montenegro,Central and Eastern Europe,5.347,1.0170000000000001,1.2790000000000001,0.7290000000000001,0.259,0.111,0.081,5.523,1.051,1.361,0.871,0.19699999999999998,0.142,0.08,5.54610014,1.010150075,1.265657902,0.839028895,0.303223848,0.14901033,0.09843511099999999
75,Croatia,Central and Eastern Europe,5.321000000000001,1.115,1.161,0.737,0.38,0.12,0.039,5.432,1.155,1.266,0.914,0.29600000000000004,0.11900000000000001,0.022000000000000002,5.504700184,1.109024286,1.311264873,0.900575578,0.38145688200000005,0.113998979,0.012325006000000001
76,Dominican Republic,Latin America and Caribbean,5.3020000000000005,0.982,1.4409999999999998,0.614,0.578,0.12,0.106,5.425,1.015,1.401,0.779,0.49700000000000005,0.113,0.10099999999999999,5.6891999239999995,0.9831918479999999,1.328888893,0.7419016959999999,0.5628739,0.112196781,0.115945682
77,Algeria,Middle East and North Africa,5.295,0.9790000000000001,1.1540000000000001,0.687,0.077,0.055,0.135,5.211,1.002,1.16,0.785,0.086,0.073,0.114,5.005099773,0.9438560009999999,1.143003583,0.745418549,0.083943799,0.118915014,0.12919065400000002
78,Morocco,Middle East and North Africa,5.254,0.779,0.797,0.669,0.46,0.026000000000000002,0.07400000000000001,5.207999999999999,0.8009999999999999,0.782,0.782,0.418,0.036000000000000004,0.076,5.094799995,0.75862211,0.6452084779999999,0.745096922,0.45005413899999996,0.040032551,0.07738560400000001
79,China,East Asia,5.246,0.9890000000000001,1.1420000000000001,0.799,0.597,0.028999999999999998,0.10300000000000001,5.191,1.0290000000000001,1.125,0.893,0.521,0.057999999999999996,0.1,5.123899937,0.990533412,1.132080674,0.867248535,0.6016051170000001,0.079021044,0.117255554
80,Azerbaijan,Commonwealth of Independent States,5.2010000000000005,1.024,1.161,0.603,0.43,0.031,0.17600000000000002,5.207999999999999,1.043,1.147,0.769,0.35100000000000003,0.035,0.182,5.164800167,0.990272701,1.180613041,0.731134057,0.467734724,0.040113214,0.24730718100000001
81,Tajikistan,Commonwealth of Independent States,5.199,0.474,1.166,0.598,0.292,0.187,0.034,5.4670000000000005,0.493,1.0979999999999999,0.718,0.389,0.23,0.14400000000000002,5.555699825,0.474874616,1.218377709,0.680594802,0.521141171,0.182417125,0.221779913
82,Jordan,Middle East and North Africa,5.1610000000000005,0.8220000000000001,1.265,0.645,0.46799999999999997,0.13,0.134,4.906000000000001,0.8370000000000001,1.225,0.815,0.38299999999999995,0.11,0.13,4.6333999630000005,0.785179198,1.140118599,0.777624726,0.42485508299999997,0.091494769,0.151878625
83,Nigeria,Sub-Saharan Africa,5.155,0.6890000000000001,1.172,0.048,0.462,0.201,0.032,5.265,0.696,1.111,0.245,0.426,0.215,0.040999999999999995,4.724100113,0.645901859,0.986717939,0.16783593600000002,0.435079455,0.221328124,0.047589935
84,Kyrgyzstan,Commonwealth of Independent States,5.131,0.53,1.416,0.594,0.54,0.281,0.035,5.261,0.551,1.4380000000000002,0.723,0.508,0.3,0.023,5.541500092000001,0.513180971,1.341036677,0.680645883,0.614617765,0.30137074,0.030466691
85,Bosnia and Herzegovina,Central and Eastern Europe,5.129,0.915,1.078,0.758,0.28,0.21600000000000003,0.0,5.386,0.945,1.212,0.845,0.212,0.263,0.006,5.674099922000001,0.91839546,1.203986526,0.813928187,0.305365741,0.264005244,0.001172487
86,Mongolia,East Asia,5.125,0.914,1.517,0.575,0.395,0.253,0.032,5.285,0.948,1.531,0.667,0.317,0.235,0.038,5.4562001229999995,0.904872775,1.4589306119999998,0.6157881620000001,0.355703115,0.26388573600000004,0.046533125999999994
87,Vietnam,Southeast Asia,5.103,0.715,1.365,0.7020000000000001,0.618,0.177,0.079,5.175,0.741,1.3459999999999999,0.851,0.5429999999999999,0.147,0.073,5.353499889,0.718092382,1.253074765,0.819133997,0.650835574,0.136488721,0.089848459
88,Indonesia,Southeast Asia,5.093,0.899,1.215,0.522,0.5379999999999999,0.484,0.018000000000000002,5.192,0.9309999999999999,1.203,0.66,0.491,0.498,0.027999999999999997,5.285600185,0.891720712,1.1548008920000001,0.610437036,0.568161428,0.542646527,0.038278612999999996
89,Cameroon,Sub-Saharan Africa,4.975,0.535,0.8909999999999999,0.182,0.45399999999999996,0.183,0.043,5.044,0.5489999999999999,0.91,0.331,0.381,0.187,0.037000000000000005,5.084899902,0.503958046,0.89972645,0.270189553,0.43924248200000005,0.198020101,0.054393422000000004
90,Bulgaria,Central and Eastern Europe,4.933,1.054,1.515,0.7120000000000001,0.359,0.064,0.009000000000000001,5.011,1.092,1.5130000000000001,0.815,0.311,0.081,0.004,5.101500034,1.046554685,1.4605789180000002,0.7777768970000001,0.417820066,0.10383371300000001,0.0
91,Nepal,South Asia,4.88,0.425,1.228,0.539,0.526,0.302,0.078,4.913,0.446,1.226,0.677,0.439,0.285,0.08900000000000001,5.137199879,0.444050372,1.100789309,0.66887939,0.480608255,0.300971806,0.127502963
92,Venezuela,Latin America and Caribbean,4.806,0.996,1.469,0.657,0.133,0.055999999999999994,0.052000000000000005,4.707,0.96,1.4269999999999998,0.805,0.154,0.064,0.047,5.053199768,0.7702386379999999,1.3485468630000002,0.76702553,0.271717221,0.08717915400000001,0.06362477700000001
93,Gabon,Sub-Saharan Africa,4.758,1.036,1.1640000000000001,0.40399999999999997,0.35600000000000004,0.032,0.052000000000000005,4.7989999999999995,1.057,1.183,0.5710000000000001,0.295,0.043,0.055,4.829299927,0.9880443809999999,1.10639751,0.522574842,0.36945989700000004,0.052013602,0.05580453900000001
94,Palestinian Territories,Middle East and North Africa,4.743,0.642,1.217,0.602,0.266,0.086,0.076,4.696000000000001,0.657,1.247,0.672,0.225,0.10300000000000001,0.066,4.552800179,0.587819219,1.194755554,0.613826573,0.29870075,0.091816261,0.07191365200000001
95,South Africa,Sub-Saharan Africa,4.724,0.94,1.41,0.33,0.516,0.10300000000000001,0.055999999999999994,4.7219999999999995,0.96,1.351,0.469,0.389,0.13,0.055,4.814099789,0.9021404390000001,1.259086251,0.407034069,0.43478182,0.12640684800000002,0.05950214
96,Iran,Middle East and North Africa,4.707,1.0590000000000002,0.7709999999999999,0.691,0.45899999999999996,0.282,0.129,4.548,1.1,0.8420000000000001,0.785,0.305,0.27,0.125,4.672399998,1.029322505,0.8862711790000001,0.749053836,0.301195472,0.27697894,0.142651513
97,Ivory Coast,Sub-Saharan Africa,4.671,0.541,0.872,0.08,0.467,0.146,0.10300000000000001,4.944,0.569,0.8079999999999999,0.23199999999999998,0.35200000000000004,0.154,0.09,5.233300208999999,0.537094414,0.7997272609999999,0.154942513,0.39712253200000003,0.16991558699999998,0.09349579400000001
98,Ghana,Sub-Saharan Africa,4.657,0.5920000000000001,0.8959999999999999,0.337,0.499,0.212,0.028999999999999998,4.996,0.611,0.868,0.486,0.381,0.245,0.04,5.1479997630000005,0.575862467,0.96636796,0.432162255,0.47729006399999996,0.261291206,0.056570380999999996
99,Senegal,Sub-Saharan Africa,4.631,0.429,1.117,0.433,0.406,0.138,0.08199999999999999,4.681,0.45,1.1340000000000001,0.5710000000000001,0.292,0.153,0.07200000000000001,4.980800152,0.5040618179999999,0.95459342,0.518391907,0.352400899,0.164397135,0.081865937
100,Laos,Southeast Asia,4.623,0.72,1.034,0.441,0.626,0.23,0.174,4.796,0.764,1.03,0.551,0.547,0.266,0.16399999999999998,4.888599873,0.714693844,0.9873918890000001,0.48637828200000005,0.612027287,0.27266711,0.194273964
101,Tunisia,Middle East and North Africa,4.592,0.9,0.9059999999999999,0.69,0.271,0.04,0.063,4.461,0.9209999999999999,1.0,0.815,0.16699999999999998,0.059000000000000004,0.055,4.392199993,0.874742687,0.8721677059999999,0.781156719,0.23586055600000003,0.055881143,0.043899573
102,Albania,Central and Eastern Europe,4.586,0.9159999999999999,0.8170000000000001,0.79,0.419,0.149,0.032,4.718999999999999,0.9470000000000001,0.848,0.8740000000000001,0.38299999999999995,0.17800000000000002,0.027000000000000003,4.882699966000001,0.906653047,0.830483913,0.8463296290000001,0.461945891,0.171027765,0.025361285
103,Sierra Leone,Sub-Saharan Africa,4.571000000000001,0.256,0.813,0.0,0.355,0.23800000000000002,0.053,4.374,0.268,0.841,0.242,0.309,0.252,0.045,3.926399946,0.24056038300000002,0.747984946,0.20395396600000001,0.38202768600000003,0.257647008,0.047940935999999996
104,Congo (Brazzaville),Sub-Saharan Africa,4.559,0.682,0.8109999999999999,0.34299999999999997,0.514,0.091,0.077,4.812,0.6729999999999999,0.799,0.508,0.37200000000000005,0.105,0.09300000000000001,5.1943998339999995,0.633616745,0.7576360109999999,0.45810112399999997,0.386514395,0.11721601300000001,0.118670784
105,Bangladesh,South Asia,4.5,0.532,0.85,0.579,0.58,0.153,0.14400000000000002,4.456,0.562,0.9279999999999999,0.723,0.527,0.166,0.14300000000000002,4.832799911,0.556156278,0.8688005809999999,0.694940507,0.604130566,0.17674511699999998,0.176735908
106,Sri Lanka,South Asia,4.471,0.9179999999999999,1.314,0.672,0.585,0.307,0.05,4.3660000000000005,0.9490000000000001,1.265,0.831,0.47,0.244,0.047,4.327000141,0.897986948,1.19494009,0.792036712,0.528632462,0.25266614600000004,0.049444564
107,Iraq,Middle East and North Africa,4.456,1.01,0.971,0.536,0.304,0.14800000000000002,0.095,4.437,1.043,0.98,0.574,0.24100000000000002,0.14800000000000002,0.08900000000000001,4.7848000530000006,0.9820187090000001,1.011466622,0.529350698,0.283588052,0.15300206800000002,0.073164992
108,Mali,Sub-Saharan Africa,4.447,0.37,1.2329999999999999,0.152,0.36700000000000005,0.139,0.055999999999999994,4.39,0.385,1.105,0.308,0.327,0.153,0.052000000000000005,4.729300021999999,0.35246264899999996,0.97314173,0.234981522,0.377534449,0.16966705,0.06214627599999999
109,Namibia,Sub-Saharan Africa,4.441,0.8740000000000001,1.281,0.365,0.519,0.051,0.064,4.638999999999999,0.879,1.3130000000000002,0.47700000000000004,0.401,0.07,0.055999999999999994,4.571100235,0.84008199,1.2457381490000001,0.40687117,0.44459897299999995,0.076454483,0.054320343
110,Cambodia,Southeast Asia,4.433,0.5489999999999999,1.088,0.457,0.696,0.256,0.065,4.7,0.574,1.122,0.637,0.609,0.23199999999999998,0.062,4.8484001160000005,0.544634938,1.0714260340000001,0.587904334,0.674940348,0.233342081,0.072837502
111,Burkina Faso,Sub-Saharan Africa,4.4239999999999995,0.314,1.097,0.254,0.312,0.175,0.128,4.587,0.331,1.056,0.38,0.255,0.177,0.113,4.768700123,0.302467644,0.9293859,0.312833875,0.322398156,0.18639060899999998,0.126408055
112,Egypt,Middle East and North Africa,4.419,0.885,1.025,0.5529999999999999,0.312,0.092,0.107,4.166,0.9129999999999999,1.0390000000000001,0.644,0.24100000000000002,0.076,0.067,4.151400089,0.8752289409999999,0.982539535,0.596911311,0.37368473399999996,0.068801254,0.095461793
113,Mozambique,Sub-Saharan Africa,4.417,0.198,0.902,0.17300000000000001,0.531,0.20600000000000002,0.158,4.466,0.204,0.986,0.39,0.494,0.19699999999999998,0.138,4.623600006,0.178741366,0.9552028779999999,0.324223638,0.56077534,0.22042210399999998,0.163064316
114,Kenya,Sub-Saharan Africa,4.41,0.493,1.048,0.45399999999999996,0.504,0.35200000000000004,0.055,4.5089999999999995,0.512,0.983,0.581,0.431,0.37200000000000005,0.053,4.583000183,0.47641339899999996,0.905077755,0.536312759,0.519180536,0.39390209299999995,0.067201078
115,Zambia,Sub-Saharan Africa,4.377,0.562,1.047,0.295,0.503,0.221,0.08199999999999999,4.107,0.578,1.058,0.426,0.431,0.247,0.087,3.759399891,0.536833763,0.8960372809999999,0.36359334,0.49131754,0.250620902,0.086705238
116,Mauritania,Sub-Saharan Africa,4.356,0.557,1.245,0.292,0.129,0.134,0.09300000000000001,4.49,0.57,1.167,0.489,0.066,0.106,0.08800000000000001,4.374599934,0.539684892,1.113323569,0.425184816,0.185714483,0.128899664,0.122257635
117,Ethiopia,Sub-Saharan Africa,4.35,0.308,0.95,0.391,0.452,0.22,0.146,4.2860000000000005,0.336,1.033,0.532,0.344,0.209,0.1,4.186200142,0.315125644,1.001103282,0.483846247,0.41256687,0.227698103,0.117437035
118,Georgia,Commonwealth of Independent States,4.34,0.853,0.5920000000000001,0.643,0.375,0.038,0.215,4.519,0.8859999999999999,0.6659999999999999,0.752,0.34600000000000003,0.043,0.16399999999999998,4.672599792,0.847198069,0.7311939000000001,0.6946576240000001,0.485494107,0.047609735,0.174088076
119,Armenia,Commonwealth of Independent States,4.321000000000001,0.816,0.99,0.6659999999999999,0.26,0.077,0.027999999999999997,4.559,0.85,1.055,0.815,0.28300000000000003,0.095,0.064,4.676799774,0.8082624079999999,1.0345768929999999,0.77585727,0.37807580799999996,0.107225738,0.104618184
120,Myanmar,Southeast Asia,4.308,0.682,1.1740000000000002,0.429,0.58,0.598,0.17800000000000002,4.36,0.71,1.181,0.555,0.525,0.5660000000000001,0.172,4.308000088,0.67809093,1.098178267,0.49544307600000004,0.5974788670000001,0.569813728,0.18753035399999998
121,Chad,Sub-Saharan Africa,4.301,0.358,0.907,0.053,0.18899999999999997,0.18100000000000002,0.06,4.35,0.35,0.7659999999999999,0.192,0.174,0.198,0.078,4.422699928,0.30228748899999996,0.739118278,0.1087441,0.22860176899999998,0.210805088,0.085755408
122,Congo (Kinshasa),Sub-Saharan Africa,4.245,0.069,1.136,0.204,0.312,0.19699999999999998,0.052000000000000005,4.418,0.094,1.125,0.35700000000000004,0.26899999999999996,0.212,0.053,4.31099987,0.062487468,0.833055019,0.277212054,0.36462298,0.254324883,0.081466645
123,India,South Asia,4.19,0.721,0.747,0.485,0.539,0.172,0.09300000000000001,4.015,0.755,0.765,0.588,0.498,0.2,0.085,3.573299885,0.730576158,0.644198656,0.54057014,0.5811422470000001,0.237072483,0.105587982
124,Niger,Sub-Saharan Africa,4.166,0.131,0.867,0.221,0.39,0.175,0.099,4.628,0.138,0.774,0.366,0.318,0.188,0.102,4.909599781,0.10833033199999999,0.7038001420000001,0.29881635300000003,0.435311615,0.20817689600000003,0.137554765
125,Uganda,Sub-Saharan Africa,4.1610000000000005,0.322,1.09,0.237,0.45,0.259,0.061,4.189,0.332,1.069,0.44299999999999995,0.35600000000000004,0.252,0.06,4.43200016,0.31233742800000003,1.052327394,0.378311664,0.401682556,0.264807373,0.063818842
126,Benin,Sub-Saharan Africa,4.141,0.37799999999999995,0.37200000000000005,0.24,0.44,0.163,0.067,4.883,0.39299999999999996,0.43700000000000006,0.397,0.349,0.175,0.08199999999999999,5.21600008,0.366244704,0.352428436,0.328062952,0.40583989,0.196670428,0.125931874
127,Ukraine,Commonwealth of Independent States,4.103,0.7929999999999999,1.413,0.609,0.163,0.187,0.011000000000000001,4.332,0.82,1.39,0.7390000000000001,0.17800000000000002,0.187,0.01,4.56069994,0.780434608,1.321316481,0.6986743809999999,0.319423705,0.17855131600000002,0.00965116
128,Togo,Sub-Saharan Africa,3.9989999999999997,0.259,0.474,0.253,0.434,0.158,0.10099999999999999,4.085,0.275,0.5720000000000001,0.41,0.293,0.177,0.085,4.187200069,0.268116266,0.547622859,0.34273117799999997,0.303539038,0.200774252,0.114826456
129,Guinea,Sub-Saharan Africa,3.964,0.344,0.792,0.21100000000000002,0.39399999999999996,0.185,0.094,4.534,0.38,0.8290000000000001,0.375,0.332,0.207,0.086,4.949299812,0.390007734,0.75136596,0.333655238,0.37187805799999996,0.249490842,0.11220455900000001
130,Lesotho,Sub-Saharan Africa,3.8080000000000003,0.47200000000000003,1.215,0.079,0.423,0.11599999999999999,0.11199999999999999,3.802,0.489,1.169,0.168,0.359,0.107,0.09300000000000001,3.6528000830000003,0.45493874,1.088940024,0.100934811,0.40936753200000003,0.10262764199999999,0.050483823
131,Madagascar,Sub-Saharan Africa,3.7739999999999996,0.262,0.9079999999999999,0.402,0.221,0.155,0.049,3.9330000000000003,0.27399999999999997,0.9159999999999999,0.555,0.14800000000000002,0.16899999999999998,0.040999999999999995,4.165599823,0.244553208,0.823694348,0.500617027,0.192967549,0.191190064,0.076248638
132,Zimbabwe,Sub-Saharan Africa,3.6919999999999997,0.35700000000000004,1.094,0.248,0.406,0.132,0.099,3.6630000000000003,0.366,1.114,0.433,0.361,0.151,0.08900000000000001,3.2992000580000003,0.425564021,1.0478352309999999,0.375037611,0.37740472,0.151349187,0.080928579
133,Afghanistan,South Asia,3.6319999999999997,0.332,0.537,0.255,0.085,0.191,0.036000000000000004,3.2030000000000003,0.35,0.517,0.361,0.0,0.158,0.025,2.566900015,0.30070585,0.356433839,0.266051531,0.0,0.135234714,0.001225785
134,Botswana,Sub-Saharan Africa,3.59,1.0170000000000001,1.1740000000000002,0.41700000000000004,0.557,0.042,0.092,3.488,1.041,1.145,0.5379999999999999,0.455,0.025,0.1,3.4788999560000002,0.997548997,1.08569479,0.494101733,0.50908941,0.033407487,0.101786368
135,Malawi,Sub-Saharan Africa,3.5869999999999997,0.18600000000000003,0.541,0.306,0.531,0.21,0.08,3.41,0.191,0.56,0.495,0.44299999999999995,0.218,0.08900000000000001,3.538000107,0.176534727,0.53036809,0.446163297,0.487389833,0.21318505699999998,0.131633952
136,Haiti,Latin America and Caribbean,3.582,0.315,0.7140000000000001,0.289,0.025,0.392,0.10400000000000001,3.597,0.32299999999999995,0.688,0.449,0.026000000000000002,0.419,0.11,3.720799923,0.284734428,0.646671355,0.37436673,0.169297516,0.463909656,0.161935672
137,Liberia,Sub-Saharan Africa,3.495,0.076,0.858,0.267,0.419,0.20600000000000002,0.03,3.975,0.073,0.922,0.44299999999999995,0.37,0.233,0.033,4.557899952,0.174103007,0.9207339290000001,0.392284274,0.405943096,0.22696787100000002,0.051139875999999994
138,Rwanda,Sub-Saharan Africa,3.408,0.332,0.8959999999999999,0.4,0.636,0.2,0.444,3.3339999999999996,0.359,0.711,0.614,0.555,0.217,0.41100000000000003,3.312299967,0.343242675,0.522876322,0.572383285,0.604087889,0.235704988,0.485542476
139,Yemen,Middle East and North Africa,3.355,0.442,1.073,0.34299999999999997,0.244,0.083,0.064,3.38,0.287,1.163,0.46299999999999997,0.14300000000000002,0.10800000000000001,0.077,3.5274000169999997,0.392701775,1.177477121,0.41500017,0.243721485,0.09468901199999999,0.08735212699999999
140,Tanzania,Sub-Saharan Africa,3.303,0.455,0.991,0.381,0.48100000000000004,0.27,0.09699999999999999,3.2310000000000003,0.47600000000000003,0.885,0.499,0.41700000000000004,0.276,0.147,3.4762001039999997,0.457163125,0.872674644,0.442677855,0.5093430879999999,0.27154091,0.20388086100000002
141,South Sudan,Sub-Saharan Africa,3.2539999999999996,0.337,0.608,0.177,0.11199999999999999,0.22399999999999998,0.106,2.853,0.306,0.575,0.295,0.01,0.20199999999999999,0.091,2.8166000839999996,0.289082974,0.5532785060000001,0.208809033,0.065609254,0.209934607,0.111156799
142,Central African Republic,Sub-Saharan Africa,3.083,0.024,0.0,0.01,0.305,0.218,0.038,3.083,0.026000000000000002,0.0,0.105,0.225,0.235,0.035,3.475899935,0.041072082,0.0,0.0,0.292814463,0.253513217,0.028264717999999998
143,Burundi,Sub-Saharan Africa,2.905,0.091,0.627,0.145,0.065,0.149,0.076,3.775,0.046,0.447,0.38,0.22,0.17600000000000002,0.18,3.775300026,0.0,0.403575271,0.295212835,0.275399059,0.18740178600000001,0.212186828
